mean_test_score,rank_test_scores,mean_fit_time,params,status,budgets,param_balancing:strategy,param_classifier:__choice__,param_data_preprocessor:__choice__,param_feature_preprocessor:__choice__,param_classifier:adaboost:algorithm,param_classifier:adaboost:learning_rate,param_classifier:adaboost:max_depth,param_classifier:adaboost:n_estimators,param_classifier:bernoulli_nb:alpha,param_classifier:bernoulli_nb:fit_prior,param_classifier:decision_tree:criterion,param_classifier:decision_tree:max_depth_factor,param_classifier:decision_tree:max_features,param_classifier:decision_tree:max_leaf_nodes,param_classifier:decision_tree:min_impurity_decrease,param_classifier:decision_tree:min_samples_leaf,param_classifier:decision_tree:min_samples_split,param_classifier:decision_tree:min_weight_fraction_leaf,param_classifier:extra_trees:bootstrap,param_classifier:extra_trees:criterion,param_classifier:extra_trees:max_depth,param_classifier:extra_trees:max_features,param_classifier:extra_trees:max_leaf_nodes,param_classifier:extra_trees:min_impurity_decrease,param_classifier:extra_trees:min_samples_leaf,param_classifier:extra_trees:min_samples_split,param_classifier:extra_trees:min_weight_fraction_leaf,param_classifier:gradient_boosting:early_stop,param_classifier:gradient_boosting:l2_regularization,param_classifier:gradient_boosting:learning_rate,param_classifier:gradient_boosting:loss,param_classifier:gradient_boosting:max_bins,param_classifier:gradient_boosting:max_depth,param_classifier:gradient_boosting:max_leaf_nodes,param_classifier:gradient_boosting:min_samples_leaf,param_classifier:gradient_boosting:scoring,param_classifier:gradient_boosting:tol,param_classifier:k_nearest_neighbors:n_neighbors,param_classifier:k_nearest_neighbors:p,param_classifier:k_nearest_neighbors:weights,param_classifier:lda:shrinkage,param_classifier:lda:tol,param_classifier:liblinear_svc:C,param_classifier:liblinear_svc:dual,param_classifier:liblinear_svc:fit_intercept,param_classifier:liblinear_svc:intercept_scaling,param_classifier:liblinear_svc:loss,param_classifier:liblinear_svc:multi_class,param_classifier:liblinear_svc:penalty,param_classifier:liblinear_svc:tol,param_classifier:libsvm_svc:C,param_classifier:libsvm_svc:gamma,param_classifier:libsvm_svc:kernel,param_classifier:libsvm_svc:max_iter,param_classifier:libsvm_svc:shrinking,param_classifier:libsvm_svc:tol,param_classifier:mlp:activation,param_classifier:mlp:alpha,param_classifier:mlp:batch_size,param_classifier:mlp:beta_1,param_classifier:mlp:beta_2,param_classifier:mlp:early_stopping,param_classifier:mlp:epsilon,param_classifier:mlp:hidden_layer_depth,param_classifier:mlp:learning_rate_init,param_classifier:mlp:n_iter_no_change,param_classifier:mlp:num_nodes_per_layer,param_classifier:mlp:shuffle,param_classifier:mlp:solver,param_classifier:mlp:tol,param_classifier:multinomial_nb:alpha,param_classifier:multinomial_nb:fit_prior,param_classifier:passive_aggressive:C,param_classifier:passive_aggressive:average,param_classifier:passive_aggressive:fit_intercept,param_classifier:passive_aggressive:loss,param_classifier:passive_aggressive:tol,param_classifier:qda:reg_param,param_classifier:random_forest:bootstrap,param_classifier:random_forest:criterion,param_classifier:random_forest:max_depth,param_classifier:random_forest:max_features,param_classifier:random_forest:max_leaf_nodes,param_classifier:random_forest:min_impurity_decrease,param_classifier:random_forest:min_samples_leaf,param_classifier:random_forest:min_samples_split,param_classifier:random_forest:min_weight_fraction_leaf,param_classifier:sgd:alpha,param_classifier:sgd:average,param_classifier:sgd:fit_intercept,param_classifier:sgd:learning_rate,param_classifier:sgd:loss,param_classifier:sgd:penalty,param_classifier:sgd:tol,param_data_preprocessor:feature_type:numerical_transformer:imputation:strategy,param_data_preprocessor:feature_type:numerical_transformer:rescaling:__choice__,param_feature_preprocessor:extra_trees_preproc_for_classification:bootstrap,param_feature_preprocessor:extra_trees_preproc_for_classification:criterion,param_feature_preprocessor:extra_trees_preproc_for_classification:max_depth,param_feature_preprocessor:extra_trees_preproc_for_classification:max_features,param_feature_preprocessor:extra_trees_preproc_for_classification:max_leaf_nodes,param_feature_preprocessor:extra_trees_preproc_for_classification:min_impurity_decrease,param_feature_preprocessor:extra_trees_preproc_for_classification:min_samples_leaf,param_feature_preprocessor:extra_trees_preproc_for_classification:min_samples_split,param_feature_preprocessor:extra_trees_preproc_for_classification:min_weight_fraction_leaf,param_feature_preprocessor:extra_trees_preproc_for_classification:n_estimators,param_feature_preprocessor:fast_ica:algorithm,param_feature_preprocessor:fast_ica:fun,param_feature_preprocessor:fast_ica:whiten,param_feature_preprocessor:feature_agglomeration:affinity,param_feature_preprocessor:feature_agglomeration:linkage,param_feature_preprocessor:feature_agglomeration:n_clusters,param_feature_preprocessor:feature_agglomeration:pooling_func,param_feature_preprocessor:kernel_pca:kernel,param_feature_preprocessor:kernel_pca:n_components,param_feature_preprocessor:kitchen_sinks:gamma,param_feature_preprocessor:kitchen_sinks:n_components,param_feature_preprocessor:liblinear_svc_preprocessor:C,param_feature_preprocessor:liblinear_svc_preprocessor:dual,param_feature_preprocessor:liblinear_svc_preprocessor:fit_intercept,param_feature_preprocessor:liblinear_svc_preprocessor:intercept_scaling,param_feature_preprocessor:liblinear_svc_preprocessor:loss,param_feature_preprocessor:liblinear_svc_preprocessor:multi_class,param_feature_preprocessor:liblinear_svc_preprocessor:penalty,param_feature_preprocessor:liblinear_svc_preprocessor:tol,param_feature_preprocessor:nystroem_sampler:kernel,param_feature_preprocessor:nystroem_sampler:n_components,param_feature_preprocessor:pca:keep_variance,param_feature_preprocessor:pca:whiten,param_feature_preprocessor:polynomial:degree,param_feature_preprocessor:polynomial:include_bias,param_feature_preprocessor:polynomial:interaction_only,param_feature_preprocessor:random_trees_embedding:bootstrap,param_feature_preprocessor:random_trees_embedding:max_depth,param_feature_preprocessor:random_trees_embedding:max_leaf_nodes,param_feature_preprocessor:random_trees_embedding:min_samples_leaf,param_feature_preprocessor:random_trees_embedding:min_samples_split,param_feature_preprocessor:random_trees_embedding:min_weight_fraction_leaf,param_feature_preprocessor:random_trees_embedding:n_estimators,param_feature_preprocessor:select_percentile_classification:percentile,param_feature_preprocessor:select_percentile_classification:score_func,param_feature_preprocessor:select_rates_classification:alpha,param_feature_preprocessor:select_rates_classification:score_func,param_classifier:gradient_boosting:n_iter_no_change,param_classifier:gradient_boosting:validation_fraction,param_classifier:lda:shrinkage_factor,param_classifier:libsvm_svc:coef0,param_classifier:libsvm_svc:degree,param_classifier:mlp:validation_fraction,param_classifier:sgd:epsilon,param_classifier:sgd:eta0,param_classifier:sgd:l1_ratio,param_classifier:sgd:power_t,param_data_preprocessor:feature_type:numerical_transformer:rescaling:quantile_transformer:n_quantiles,param_data_preprocessor:feature_type:numerical_transformer:rescaling:quantile_transformer:output_distribution,param_data_preprocessor:feature_type:numerical_transformer:rescaling:robust_scaler:q_max,param_data_preprocessor:feature_type:numerical_transformer:rescaling:robust_scaler:q_min,param_feature_preprocessor:fast_ica:n_components,param_feature_preprocessor:kernel_pca:coef0,param_feature_preprocessor:kernel_pca:degree,param_feature_preprocessor:kernel_pca:gamma,param_feature_preprocessor:nystroem_sampler:coef0,param_feature_preprocessor:nystroem_sampler:degree,param_feature_preprocessor:nystroem_sampler:gamma,param_feature_preprocessor:select_rates_classification:mode
0.8260869565217391,21,4.807004451751709,"{'balancing:strategy': 'none', 'classifier:__choice__': 'random_forest', 'data_preprocessor:__choice__': 'feature_type', 'feature_preprocessor:__choice__': 'no_preprocessing', 'classifier:random_forest:bootstrap': 'True', 'classifier:random_forest:criterion': 'gini', 'classifier:random_forest:max_depth': 'None', 'classifier:random_forest:max_features': 0.5, 'classifier:random_forest:max_leaf_nodes': 'None', 'classifier:random_forest:min_impurity_decrease': 0.0, 'classifier:random_forest:min_samples_leaf': 1, 'classifier:random_forest:min_samples_split': 2, 'classifier:random_forest:min_weight_fraction_leaf': 0.0, 'data_preprocessor:feature_type:numerical_transformer:imputation:strategy': 'mean', 'data_preprocessor:feature_type:numerical_transformer:rescaling:__choice__': 'standardize'}",Success,0.0,none,random_forest,feature_type,no_preprocessing,,,,,,,,,,,,,,,,,,,,,,,,,,,,,,,,,,,,,,,,,,,,,,,,,,,,,,,,,,,,,,,,,,,,,,,,,,,True,gini,None,0.5,None,0.0,1.0,2.0,0.0,,,,,,,,mean,standardize,,,,,,,,,,,,,,,,,,,,,,,,,,,,,,,,,,,,,,,,,,,,,,,,,,,,,,,,,,,,,,,,,,,,,
0.9130434782608695,3,3.730128526687622,"{'balancing:strategy': 'weighting', 'classifier:__choice__': 'gradient_boosting', 'data_preprocessor:__choice__': 'feature_type', 'feature_preprocessor:__choice__': 'feature_agglomeration', 'classifier:gradient_boosting:early_stop': 'off', 'classifier:gradient_boosting:l2_regularization': 4.821686883442146e-05, 'classifier:gradient_boosting:learning_rate': 0.10161621495242192, 'classifier:gradient_boosting:loss': 'auto', 'classifier:gradient_boosting:max_bins': 255, 'classifier:gradient_boosting:max_depth': 'None', 'classifier:gradient_boosting:max_leaf_nodes': 535, 'classifier:gradient_boosting:min_samples_leaf': 10, 'classifier:gradient_boosting:scoring': 'loss', 'classifier:gradient_boosting:tol': 1e-07, 'data_preprocessor:feature_type:numerical_transformer:imputation:strategy': 'most_frequent', 'data_preprocessor:feature_type:numerical_transformer:rescaling:__choice__': 'quantile_transformer', 'feature_preprocessor:feature_agglomeration:affinity': 'manhattan', 'feature_preprocessor:feature_agglomeration:linkage': 'complete', 'feature_preprocessor:feature_agglomeration:n_clusters': 364, 'feature_preprocessor:feature_agglomeration:pooling_func': 'mean', 'data_preprocessor:feature_type:numerical_transformer:rescaling:quantile_transformer:n_quantiles': 1000, 'data_preprocessor:feature_type:numerical_transformer:rescaling:quantile_transformer:output_distribution': 'uniform'}",Success,0.0,weighting,gradient_boosting,feature_type,feature_agglomeration,,,,,,,,,,,,,,,,,,,,,,,,off,4.821686883442146e-05,0.10161621495242192,auto,255.0,None,535.0,10.0,loss,1e-07,,,,,,,,,,,,,,,,,,,,,,,,,,,,,,,,,,,,,,,,,,,,,,,,,,,,,,,,,,most_frequent,quantile_transformer,,,,,,,,,,,,,,manhattan,complete,364.0,mean,,,,,,,,,,,,,,,,,,,,,,,,,,,,,,,,,,,,,,,,,1000.0,uniform,,,,,,,,,,
0.9130434782608695,3,4.50008749961853,"{'balancing:strategy': 'weighting', 'classifier:__choice__': 'mlp', 'data_preprocessor:__choice__': 'feature_type', 'feature_preprocessor:__choice__': 'fast_ica', 'classifier:mlp:activation': 'relu', 'classifier:mlp:alpha': 0.02847755502162456, 'classifier:mlp:batch_size': 'auto', 'classifier:mlp:beta_1': 0.9, 'classifier:mlp:beta_2': 0.999, 'classifier:mlp:early_stopping': 'train', 'classifier:mlp:epsilon': 1e-08, 'classifier:mlp:hidden_layer_depth': 2, 'classifier:mlp:learning_rate_init': 0.000421568792103947, 'classifier:mlp:n_iter_no_change': 32, 'classifier:mlp:num_nodes_per_layer': 123, 'classifier:mlp:shuffle': 'True', 'classifier:mlp:solver': 'adam', 'classifier:mlp:tol': 0.0001, 'data_preprocessor:feature_type:numerical_transformer:imputation:strategy': 'median', 'data_preprocessor:feature_type:numerical_transformer:rescaling:__choice__': 'minmax', 'feature_preprocessor:fast_ica:algorithm': 'parallel', 'feature_preprocessor:fast_ica:fun': 'exp', 'feature_preprocessor:fast_ica:whiten': 'False'}",Success,0.0,weighting,mlp,feature_type,fast_ica,,,,,,,,,,,,,,,,,,,,,,,,,,,,,,,,,,,,,,,,,,,,,,,,,,,,,relu,0.02847755502162456,auto,0.9,0.999,train,1e-08,2.0,0.000421568792103947,32.0,123.0,True,adam,0.0001,,,,,,,,,,,,,,,,,,,,,,,,,median,minmax,,,,,,,,,,,parallel,exp,False,,,,,,,,,,,,,,,,,,,,,,,,,,,,,,,,,,,,,,,,,,,,,,,,,,,,,,,,
0.782608695652174,32,5.345372200012207,"{'balancing:strategy': 'none', 'classifier:__choice__': 'random_forest', 'data_preprocessor:__choice__': 'feature_type', 'feature_preprocessor:__choice__': 'random_trees_embedding', 'classifier:random_forest:bootstrap': 'True', 'classifier:random_forest:criterion': 'entropy', 'classifier:random_forest:max_depth': 'None', 'classifier:random_forest:max_features': 0.5, 'classifier:random_forest:max_leaf_nodes': 'None', 'classifier:random_forest:min_impurity_decrease': 0.0, 'classifier:random_forest:min_samples_leaf': 1, 'classifier:random_forest:min_samples_split': 2, 'classifier:random_forest:min_weight_fraction_leaf': 0.0, 'data_preprocessor:feature_type:numerical_transformer:imputation:strategy': 'median', 'data_preprocessor:feature_type:numerical_transformer:rescaling:__choice__': 'quantile_transformer', 'feature_preprocessor:random_trees_embedding:bootstrap': 'True', 'feature_preprocessor:random_trees_embedding:max_depth': 5, 'feature_preprocessor:random_trees_embedding:max_leaf_nodes': 'None', 'feature_preprocessor:random_trees_embedding:min_samples_leaf': 1, 'feature_preprocessor:random_trees_embedding:min_samples_split': 2, 'feature_preprocessor:random_trees_embedding:min_weight_fraction_leaf': 1.0, 'feature_preprocessor:random_trees_embedding:n_estimators': 10, 'data_preprocessor:feature_type:numerical_transformer:rescaling:quantile_transformer:n_quantiles': 937, 'data_preprocessor:feature_type:numerical_transformer:rescaling:quantile_transformer:output_distribution': 'uniform'}",Success,0.0,none,random_forest,feature_type,random_trees_embedding,,,,,,,,,,,,,,,,,,,,,,,,,,,,,,,,,,,,,,,,,,,,,,,,,,,,,,,,,,,,,,,,,,,,,,,,,,,True,entropy,None,0.5,None,0.0,1.0,2.0,0.0,,,,,,,,median,quantile_transformer,,,,,,,,,,,,,,,,,,,,,,,,,,,,,,,,,,,,,True,5.0,None,1.0,2.0,1.0,10.0,,,,,,,,,,,,,,,937.0,uniform,,,,,,,,,,
0.9565217391304348,1,3.1909427642822266,"{'balancing:strategy': 'none', 'classifier:__choice__': 'libsvm_svc', 'data_preprocessor:__choice__': 'feature_type', 'feature_preprocessor:__choice__': 'feature_agglomeration', 'classifier:libsvm_svc:C': 1198.7850746967626, 'classifier:libsvm_svc:gamma': 0.015219182148092949, 'classifier:libsvm_svc:kernel': 'rbf', 'classifier:libsvm_svc:max_iter': -1, 'classifier:libsvm_svc:shrinking': 'True', 'classifier:libsvm_svc:tol': 0.040610448809956276, 'data_preprocessor:feature_type:numerical_transformer:imputation:strategy': 'median', 'data_preprocessor:feature_type:numerical_transformer:rescaling:__choice__': 'standardize', 'feature_preprocessor:feature_agglomeration:affinity': 'cosine', 'feature_preprocessor:feature_agglomeration:linkage': 'average', 'feature_preprocessor:feature_agglomeration:n_clusters': 242, 'feature_preprocessor:feature_agglomeration:pooling_func': 'median'}",Success,0.0,none,libsvm_svc,feature_type,feature_agglomeration,,,,,,,,,,,,,,,,,,,,,,,,,,,,,,,,,,,,,,,,,,,,,,,1198.7850746967626,0.015219182148092949,rbf,-1.0,True,0.040610448809956276,,,,,,,,,,,,,,,,,,,,,,,,,,,,,,,,,,,,,,,median,standardize,,,,,,,,,,,,,,cosine,average,242.0,median,,,,,,,,,,,,,,,,,,,,,,,,,,,,,,,,,,,,,,,,,,,,,,,,,,,,
0.9130434782608695,3,4.47611403465271,"{'balancing:strategy': 'weighting', 'classifier:__choice__': 'mlp', 'data_preprocessor:__choice__': 'feature_type', 'feature_preprocessor:__choice__': 'feature_agglomeration', 'classifier:mlp:activation': 'tanh', 'classifier:mlp:alpha': 0.00021148999718383549, 'classifier:mlp:batch_size': 'auto', 'classifier:mlp:beta_1': 0.9, 'classifier:mlp:beta_2': 0.999, 'classifier:mlp:early_stopping': 'train', 'classifier:mlp:epsilon': 1e-08, 'classifier:mlp:hidden_layer_depth': 3, 'classifier:mlp:learning_rate_init': 0.0007452270241186694, 'classifier:mlp:n_iter_no_change': 32, 'classifier:mlp:num_nodes_per_layer': 113, 'classifier:mlp:shuffle': 'True', 'classifier:mlp:solver': 'adam', 'classifier:mlp:tol': 0.0001, 'data_preprocessor:feature_type:numerical_transformer:imputation:strategy': 'most_frequent', 'data_preprocessor:feature_type:numerical_transformer:rescaling:__choice__': 'standardize', 'feature_preprocessor:feature_agglomeration:affinity': 'euclidean', 'feature_preprocessor:feature_agglomeration:linkage': 'complete', 'feature_preprocessor:feature_agglomeration:n_clusters': 247, 'feature_preprocessor:feature_agglomeration:pooling_func': 'max'}",Success,0.0,weighting,mlp,feature_type,feature_agglomeration,,,,,,,,,,,,,,,,,,,,,,,,,,,,,,,,,,,,,,,,,,,,,,,,,,,,,tanh,0.00021148999718383549,auto,0.9,0.999,train,1e-08,3.0,0.0007452270241186694,32.0,113.0,True,adam,0.0001,,,,,,,,,,,,,,,,,,,,,,,,,most_frequent,standardize,,,,,,,,,,,,,,euclidean,complete,247.0,max,,,,,,,,,,,,,,,,,,,,,,,,,,,,,,,,,,,,,,,,,,,,,,,,,,,,
0.6521739130434783,41,3.3302011489868164,"{'balancing:strategy': 'weighting', 'classifier:__choice__': 'decision_tree', 'data_preprocessor:__choice__': 'feature_type', 'feature_preprocessor:__choice__': 'no_preprocessing', 'classifier:decision_tree:criterion': 'gini', 'classifier:decision_tree:max_depth_factor': 1.6785057002915527, 'classifier:decision_tree:max_features': 1.0, 'classifier:decision_tree:max_leaf_nodes': 'None', 'classifier:decision_tree:min_impurity_decrease': 0.0, 'classifier:decision_tree:min_samples_leaf': 4, 'classifier:decision_tree:min_samples_split': 20, 'classifier:decision_tree:min_weight_fraction_leaf': 0.0, 'data_preprocessor:feature_type:numerical_transformer:imputation:strategy': 'mean', 'data_preprocessor:feature_type:numerical_transformer:rescaling:__choice__': 'normalize'}",Success,0.0,weighting,decision_tree,feature_type,no_preprocessing,,,,,,,gini,1.6785057002915527,1.0,None,0.0,4.0,20.0,0.0,,,,,,,,,,,,,,,,,,,,,,,,,,,,,,,,,,,,,,,,,,,,,,,,,,,,,,,,,,,,,,,,,,,,,,,,,,,,,mean,normalize,,,,,,,,,,,,,,,,,,,,,,,,,,,,,,,,,,,,,,,,,,,,,,,,,,,,,,,,,,,,,,,,,,,,,
0.8260869565217391,21,6.593862056732178,"{'balancing:strategy': 'weighting', 'classifier:__choice__': 'random_forest', 'data_preprocessor:__choice__': 'feature_type', 'feature_preprocessor:__choice__': 'extra_trees_preproc_for_classification', 'classifier:random_forest:bootstrap': 'True', 'classifier:random_forest:criterion': 'entropy', 'classifier:random_forest:max_depth': 'None', 'classifier:random_forest:max_features': 0.5805882119281688, 'classifier:random_forest:max_leaf_nodes': 'None', 'classifier:random_forest:min_impurity_decrease': 0.0, 'classifier:random_forest:min_samples_leaf': 1, 'classifier:random_forest:min_samples_split': 2, 'classifier:random_forest:min_weight_fraction_leaf': 0.0, 'data_preprocessor:feature_type:numerical_transformer:imputation:strategy': 'median', 'data_preprocessor:feature_type:numerical_transformer:rescaling:__choice__': 'minmax', 'feature_preprocessor:extra_trees_preproc_for_classification:bootstrap': 'False', 'feature_preprocessor:extra_trees_preproc_for_classification:criterion': 'gini', 'feature_preprocessor:extra_trees_preproc_for_classification:max_depth': 'None', 'feature_preprocessor:extra_trees_preproc_for_classification:max_features': 0.8490063449951434, 'feature_preprocessor:extra_trees_preproc_for_classification:max_leaf_nodes': 'None', 'feature_preprocessor:extra_trees_preproc_for_classification:min_impurity_decrease': 0.0, 'feature_preprocessor:extra_trees_preproc_for_classification:min_samples_leaf': 9, 'feature_preprocessor:extra_trees_preproc_for_classification:min_samples_split': 2, 'feature_preprocessor:extra_trees_preproc_for_classification:min_weight_fraction_leaf': 0.0, 'feature_preprocessor:extra_trees_preproc_for_classification:n_estimators': 100}",Success,0.0,weighting,random_forest,feature_type,extra_trees_preproc_for_classification,,,,,,,,,,,,,,,,,,,,,,,,,,,,,,,,,,,,,,,,,,,,,,,,,,,,,,,,,,,,,,,,,,,,,,,,,,,True,entropy,None,0.5805882119281688,None,0.0,1.0,2.0,0.0,,,,,,,,median,minmax,False,gini,None,0.8490063449951434,None,0.0,9.0,2.0,0.0,100.0,,,,,,,,,,,,,,,,,,,,,,,,,,,,,,,,,,,,,,,,,,,,,,,,,,,,,,,,,,,
0.8260869565217391,21,6.235989332199097,"{'balancing:strategy': 'weighting', 'classifier:__choice__': 'extra_trees', 'data_preprocessor:__choice__': 'feature_type', 'feature_preprocessor:__choice__': 'extra_trees_preproc_for_classification', 'classifier:extra_trees:bootstrap': 'False', 'classifier:extra_trees:criterion': 'gini', 'classifier:extra_trees:max_depth': 'None', 'classifier:extra_trees:max_features': 0.9292309396985746, 'classifier:extra_trees:max_leaf_nodes': 'None', 'classifier:extra_trees:min_impurity_decrease': 0.0, 'classifier:extra_trees:min_samples_leaf': 1, 'classifier:extra_trees:min_samples_split': 10, 'classifier:extra_trees:min_weight_fraction_leaf': 0.0, 'data_preprocessor:feature_type:numerical_transformer:imputation:strategy': 'median', 'data_preprocessor:feature_type:numerical_transformer:rescaling:__choice__': 'normalize', 'feature_preprocessor:extra_trees_preproc_for_classification:bootstrap': 'False', 'feature_preprocessor:extra_trees_preproc_for_classification:criterion': 'entropy', 'feature_preprocessor:extra_trees_preproc_for_classification:max_depth': 'None', 'feature_preprocessor:extra_trees_preproc_for_classification:max_features': 0.9929881254946676, 'feature_preprocessor:extra_trees_preproc_for_classification:max_leaf_nodes': 'None', 'feature_preprocessor:extra_trees_preproc_for_classification:min_impurity_decrease': 0.0, 'feature_preprocessor:extra_trees_preproc_for_classification:min_samples_leaf': 1, 'feature_preprocessor:extra_trees_preproc_for_classification:min_samples_split': 2, 'feature_preprocessor:extra_trees_preproc_for_classification:min_weight_fraction_leaf': 0.0, 'feature_preprocessor:extra_trees_preproc_for_classification:n_estimators': 100}",Success,0.0,weighting,extra_trees,feature_type,extra_trees_preproc_for_classification,,,,,,,,,,,,,,,False,gini,None,0.9292309396985746,None,0.0,1.0,10.0,0.0,,,,,,,,,,,,,,,,,,,,,,,,,,,,,,,,,,,,,,,,,,,,,,,,,,,,,,,,,,,,,,,,,,,,median,normalize,False,entropy,None,0.9929881254946676,None,0.0,1.0,2.0,0.0,100.0,,,,,,,,,,,,,,,,,,,,,,,,,,,,,,,,,,,,,,,,,,,,,,,,,,,,,,,,,,,
0.8695652173913043,16,3.6329851150512695,"{'balancing:strategy': 'none', 'classifier:__choice__': 'gradient_boosting', 'data_preprocessor:__choice__': 'feature_type', 'feature_preprocessor:__choice__': 'no_preprocessing', 'classifier:gradient_boosting:early_stop': 'off', 'classifier:gradient_boosting:l2_regularization': 1e-10, 'classifier:gradient_boosting:learning_rate': 0.16262682406125173, 'classifier:gradient_boosting:loss': 'auto', 'classifier:gradient_boosting:max_bins': 255, 'classifier:gradient_boosting:max_depth': 'None', 'classifier:gradient_boosting:max_leaf_nodes': 66, 'classifier:gradient_boosting:min_samples_leaf': 20, 'classifier:gradient_boosting:scoring': 'loss', 'classifier:gradient_boosting:tol': 1e-07, 'data_preprocessor:feature_type:numerical_transformer:imputation:strategy': 'most_frequent', 'data_preprocessor:feature_type:numerical_transformer:rescaling:__choice__': 'robust_scaler', 'data_preprocessor:feature_type:numerical_transformer:rescaling:robust_scaler:q_max': 0.75, 'data_preprocessor:feature_type:numerical_transformer:rescaling:robust_scaler:q_min': 0.23746960178084334}",Success,0.0,none,gradient_boosting,feature_type,no_preprocessing,,,,,,,,,,,,,,,,,,,,,,,,off,1e-10,0.16262682406125173,auto,255.0,None,66.0,20.0,loss,1e-07,,,,,,,,,,,,,,,,,,,,,,,,,,,,,,,,,,,,,,,,,,,,,,,,,,,,,,,,,,most_frequent,robust_scaler,,,,,,,,,,,,,,,,,,,,,,,,,,,,,,,,,,,,,,,,,,,,,,,,,,,,,,,,,,,,0.75,0.23746960178084334,,,,,,,,
0.8260869565217391,21,3.2296524047851562,"{'balancing:strategy': 'none', 'classifier:__choice__': 'adaboost', 'data_preprocessor:__choice__': 'feature_type', 'feature_preprocessor:__choice__': 'extra_trees_preproc_for_classification', 'classifier:adaboost:algorithm': 'SAMME.R', 'classifier:adaboost:learning_rate': 0.046269426995092074, 'classifier:adaboost:max_depth': 3, 'classifier:adaboost:n_estimators': 406, 'data_preprocessor:feature_type:numerical_transformer:imputation:strategy': 'mean', 'data_preprocessor:feature_type:numerical_transformer:rescaling:__choice__': 'robust_scaler', 'feature_preprocessor:extra_trees_preproc_for_classification:bootstrap': 'False', 'feature_preprocessor:extra_trees_preproc_for_classification:criterion': 'entropy', 'feature_preprocessor:extra_trees_preproc_for_classification:max_depth': 'None', 'feature_preprocessor:extra_trees_preproc_for_classification:max_features': 0.40839846168190147, 'feature_preprocessor:extra_trees_preproc_for_classification:max_leaf_nodes': 'None', 'feature_preprocessor:extra_trees_preproc_for_classification:min_impurity_decrease': 0.0, 'feature_preprocessor:extra_trees_preproc_for_classification:min_samples_leaf': 4, 'feature_preprocessor:extra_trees_preproc_for_classification:min_samples_split': 7, 'feature_preprocessor:extra_trees_preproc_for_classification:min_weight_fraction_leaf': 0.0, 'feature_preprocessor:extra_trees_preproc_for_classification:n_estimators': 100, 'data_preprocessor:feature_type:numerical_transformer:rescaling:robust_scaler:q_max': 0.7697572103377026, 'data_preprocessor:feature_type:numerical_transformer:rescaling:robust_scaler:q_min': 0.280953821785477}",Success,0.0,none,adaboost,feature_type,extra_trees_preproc_for_classification,SAMME.R,0.046269426995092074,3.0,406.0,,,,,,,,,,,,,,,,,,,,,,,,,,,,,,,,,,,,,,,,,,,,,,,,,,,,,,,,,,,,,,,,,,,,,,,,,,,,,,,,,,,,,,,mean,robust_scaler,False,entropy,None,0.40839846168190147,None,0.0,4.0,7.0,0.0,100.0,,,,,,,,,,,,,,,,,,,,,,,,,,,,,,,,,,,,,,,,,,,,,,,,,,0.7697572103377026,0.280953821785477,,,,,,,,
0.9130434782608695,3,2.8509557247161865,"{'balancing:strategy': 'weighting', 'classifier:__choice__': 'k_nearest_neighbors', 'data_preprocessor:__choice__': 'feature_type', 'feature_preprocessor:__choice__': 'fast_ica', 'classifier:k_nearest_neighbors:n_neighbors': 1, 'classifier:k_nearest_neighbors:p': 1, 'classifier:k_nearest_neighbors:weights': 'uniform', 'data_preprocessor:feature_type:numerical_transformer:imputation:strategy': 'mean', 'data_preprocessor:feature_type:numerical_transformer:rescaling:__choice__': 'normalize', 'feature_preprocessor:fast_ica:algorithm': 'deflation', 'feature_preprocessor:fast_ica:fun': 'cube', 'feature_preprocessor:fast_ica:whiten': 'False'}",Success,0.0,weighting,k_nearest_neighbors,feature_type,fast_ica,,,,,,,,,,,,,,,,,,,,,,,,,,,,,,,,,,1.0,1.0,uniform,,,,,,,,,,,,,,,,,,,,,,,,,,,,,,,,,,,,,,,,,,,,,,,,,,,,,,,mean,normalize,,,,,,,,,,,deflation,cube,False,,,,,,,,,,,,,,,,,,,,,,,,,,,,,,,,,,,,,,,,,,,,,,,,,,,,,,,,
0.8260869565217391,21,4.003132104873657,"{'balancing:strategy': 'weighting', 'classifier:__choice__': 'gradient_boosting', 'data_preprocessor:__choice__': 'feature_type', 'feature_preprocessor:__choice__': 'feature_agglomeration', 'classifier:gradient_boosting:early_stop': 'off', 'classifier:gradient_boosting:l2_regularization': 1.0647401999412075e-10, 'classifier:gradient_boosting:learning_rate': 0.08291320147381159, 'classifier:gradient_boosting:loss': 'auto', 'classifier:gradient_boosting:max_bins': 255, 'classifier:gradient_boosting:max_depth': 'None', 'classifier:gradient_boosting:max_leaf_nodes': 39, 'classifier:gradient_boosting:min_samples_leaf': 20, 'classifier:gradient_boosting:scoring': 'loss', 'classifier:gradient_boosting:tol': 1e-07, 'data_preprocessor:feature_type:numerical_transformer:imputation:strategy': 'most_frequent', 'data_preprocessor:feature_type:numerical_transformer:rescaling:__choice__': 'robust_scaler', 'feature_preprocessor:feature_agglomeration:affinity': 'euclidean', 'feature_preprocessor:feature_agglomeration:linkage': 'ward', 'feature_preprocessor:feature_agglomeration:n_clusters': 25, 'feature_preprocessor:feature_agglomeration:pooling_func': 'max', 'data_preprocessor:feature_type:numerical_transformer:rescaling:robust_scaler:q_max': 0.7710965306105907, 'data_preprocessor:feature_type:numerical_transformer:rescaling:robust_scaler:q_min': 0.257333974790539}",Success,0.0,weighting,gradient_boosting,feature_type,feature_agglomeration,,,,,,,,,,,,,,,,,,,,,,,,off,1.0647401999412075e-10,0.08291320147381159,auto,255.0,None,39.0,20.0,loss,1e-07,,,,,,,,,,,,,,,,,,,,,,,,,,,,,,,,,,,,,,,,,,,,,,,,,,,,,,,,,,most_frequent,robust_scaler,,,,,,,,,,,,,,euclidean,ward,25.0,max,,,,,,,,,,,,,,,,,,,,,,,,,,,,,,,,,,,,,,,,,,,0.7710965306105907,0.257333974790539,,,,,,,,
0.8260869565217391,21,3.3338534832000732,"{'balancing:strategy': 'weighting', 'classifier:__choice__': 'passive_aggressive', 'data_preprocessor:__choice__': 'feature_type', 'feature_preprocessor:__choice__': 'kitchen_sinks', 'classifier:passive_aggressive:C': 0.14833233294431605, 'classifier:passive_aggressive:average': 'True', 'classifier:passive_aggressive:fit_intercept': 'True', 'classifier:passive_aggressive:loss': 'squared_hinge', 'classifier:passive_aggressive:tol': 0.00016482166646253793, 'data_preprocessor:feature_type:numerical_transformer:imputation:strategy': 'most_frequent', 'data_preprocessor:feature_type:numerical_transformer:rescaling:__choice__': 'robust_scaler', 'feature_preprocessor:kitchen_sinks:gamma': 0.00013628193307668312, 'feature_preprocessor:kitchen_sinks:n_components': 148, 'data_preprocessor:feature_type:numerical_transformer:rescaling:robust_scaler:q_max': 0.9201445143882738, 'data_preprocessor:feature_type:numerical_transformer:rescaling:robust_scaler:q_min': 0.011024052631694491}",Success,0.0,weighting,passive_aggressive,feature_type,kitchen_sinks,,,,,,,,,,,,,,,,,,,,,,,,,,,,,,,,,,,,,,,,,,,,,,,,,,,,,,,,,,,,,,,,,,,,,0.14833233294431605,True,True,squared_hinge,0.00016482166646253793,,,,,,,,,,,,,,,,,,most_frequent,robust_scaler,,,,,,,,,,,,,,,,,,,,0.00013628193307668312,148.0,,,,,,,,,,,,,,,,,,,,,,,,,,,,,,,,,,,,,,,0.9201445143882738,0.011024052631694491,,,,,,,,
0.782608695652174,32,5.87073016166687,"{'balancing:strategy': 'weighting', 'classifier:__choice__': 'random_forest', 'data_preprocessor:__choice__': 'feature_type', 'feature_preprocessor:__choice__': 'extra_trees_preproc_for_classification', 'classifier:random_forest:bootstrap': 'True', 'classifier:random_forest:criterion': 'gini', 'classifier:random_forest:max_depth': 'None', 'classifier:random_forest:max_features': 0.43999367631975456, 'classifier:random_forest:max_leaf_nodes': 'None', 'classifier:random_forest:min_impurity_decrease': 0.0, 'classifier:random_forest:min_samples_leaf': 2, 'classifier:random_forest:min_samples_split': 2, 'classifier:random_forest:min_weight_fraction_leaf': 0.0, 'data_preprocessor:feature_type:numerical_transformer:imputation:strategy': 'most_frequent', 'data_preprocessor:feature_type:numerical_transformer:rescaling:__choice__': 'standardize', 'feature_preprocessor:extra_trees_preproc_for_classification:bootstrap': 'True', 'feature_preprocessor:extra_trees_preproc_for_classification:criterion': 'entropy', 'feature_preprocessor:extra_trees_preproc_for_classification:max_depth': 'None', 'feature_preprocessor:extra_trees_preproc_for_classification:max_features': 0.8134515743047006, 'feature_preprocessor:extra_trees_preproc_for_classification:max_leaf_nodes': 'None', 'feature_preprocessor:extra_trees_preproc_for_classification:min_impurity_decrease': 0.0, 'feature_preprocessor:extra_trees_preproc_for_classification:min_samples_leaf': 9, 'feature_preprocessor:extra_trees_preproc_for_classification:min_samples_split': 20, 'feature_preprocessor:extra_trees_preproc_for_classification:min_weight_fraction_leaf': 0.0, 'feature_preprocessor:extra_trees_preproc_for_classification:n_estimators': 100}",Success,0.0,weighting,random_forest,feature_type,extra_trees_preproc_for_classification,,,,,,,,,,,,,,,,,,,,,,,,,,,,,,,,,,,,,,,,,,,,,,,,,,,,,,,,,,,,,,,,,,,,,,,,,,,True,gini,None,0.43999367631975456,None,0.0,2.0,2.0,0.0,,,,,,,,most_frequent,standardize,True,entropy,None,0.8134515743047006,None,0.0,9.0,20.0,0.0,100.0,,,,,,,,,,,,,,,,,,,,,,,,,,,,,,,,,,,,,,,,,,,,,,,,,,,,,,,,,,,
0.9130434782608695,3,3.4233317375183105,"{'balancing:strategy': 'none', 'classifier:__choice__': 'gradient_boosting', 'data_preprocessor:__choice__': 'feature_type', 'feature_preprocessor:__choice__': 'liblinear_svc_preprocessor', 'classifier:gradient_boosting:early_stop': 'train', 'classifier:gradient_boosting:l2_regularization': 0.005326508887463406, 'classifier:gradient_boosting:learning_rate': 0.060800813211425456, 'classifier:gradient_boosting:loss': 'auto', 'classifier:gradient_boosting:max_bins': 255, 'classifier:gradient_boosting:max_depth': 'None', 'classifier:gradient_boosting:max_leaf_nodes': 6, 'classifier:gradient_boosting:min_samples_leaf': 5, 'classifier:gradient_boosting:scoring': 'loss', 'classifier:gradient_boosting:tol': 1e-07, 'data_preprocessor:feature_type:numerical_transformer:imputation:strategy': 'median', 'data_preprocessor:feature_type:numerical_transformer:rescaling:__choice__': 'minmax', 'feature_preprocessor:liblinear_svc_preprocessor:C': 13.550960330919455, 'feature_preprocessor:liblinear_svc_preprocessor:dual': 'False', 'feature_preprocessor:liblinear_svc_preprocessor:fit_intercept': 'True', 'feature_preprocessor:liblinear_svc_preprocessor:intercept_scaling': 1, 'feature_preprocessor:liblinear_svc_preprocessor:loss': 'squared_hinge', 'feature_preprocessor:liblinear_svc_preprocessor:multi_class': 'ovr', 'feature_preprocessor:liblinear_svc_preprocessor:penalty': 'l1', 'feature_preprocessor:liblinear_svc_preprocessor:tol': 1.2958033930435781e-05, 'classifier:gradient_boosting:n_iter_no_change': 5}",Success,0.0,none,gradient_boosting,feature_type,liblinear_svc_preprocessor,,,,,,,,,,,,,,,,,,,,,,,,train,0.005326508887463406,0.060800813211425456,auto,255.0,None,6.0,5.0,loss,1e-07,,,,,,,,,,,,,,,,,,,,,,,,,,,,,,,,,,,,,,,,,,,,,,,,,,,,,,,,,,median,minmax,,,,,,,,,,,,,,,,,,,,,,13.550960330919455,False,True,1.0,squared_hinge,ovr,l1,1.2958033930435781e-05,,,,,,,,,,,,,,,,,,,5.0,,,,,,,,,,,,,,,,,,,,,
0.782608695652174,32,5.019667625427246,"{'balancing:strategy': 'weighting', 'classifier:__choice__': 'random_forest', 'data_preprocessor:__choice__': 'feature_type', 'feature_preprocessor:__choice__': 'extra_trees_preproc_for_classification', 'classifier:random_forest:bootstrap': 'True', 'classifier:random_forest:criterion': 'entropy', 'classifier:random_forest:max_depth': 'None', 'classifier:random_forest:max_features': 0.4775492074518431, 'classifier:random_forest:max_leaf_nodes': 'None', 'classifier:random_forest:min_impurity_decrease': 0.0, 'classifier:random_forest:min_samples_leaf': 2, 'classifier:random_forest:min_samples_split': 2, 'classifier:random_forest:min_weight_fraction_leaf': 0.0, 'data_preprocessor:feature_type:numerical_transformer:imputation:strategy': 'most_frequent', 'data_preprocessor:feature_type:numerical_transformer:rescaling:__choice__': 'robust_scaler', 'feature_preprocessor:extra_trees_preproc_for_classification:bootstrap': 'False', 'feature_preprocessor:extra_trees_preproc_for_classification:criterion': 'entropy', 'feature_preprocessor:extra_trees_preproc_for_classification:max_depth': 'None', 'feature_preprocessor:extra_trees_preproc_for_classification:max_features': 0.5662900693317384, 'feature_preprocessor:extra_trees_preproc_for_classification:max_leaf_nodes': 'None', 'feature_preprocessor:extra_trees_preproc_for_classification:min_impurity_decrease': 0.0, 'feature_preprocessor:extra_trees_preproc_for_classification:min_samples_leaf': 1, 'feature_preprocessor:extra_trees_preproc_for_classification:min_samples_split': 7, 'feature_preprocessor:extra_trees_preproc_for_classification:min_weight_fraction_leaf': 0.0, 'feature_preprocessor:extra_trees_preproc_for_classification:n_estimators': 100, 'data_preprocessor:feature_type:numerical_transformer:rescaling:robust_scaler:q_max': 0.7845396961078424, 'data_preprocessor:feature_type:numerical_transformer:rescaling:robust_scaler:q_min': 0.25545052141264185}",Success,0.0,weighting,random_forest,feature_type,extra_trees_preproc_for_classification,,,,,,,,,,,,,,,,,,,,,,,,,,,,,,,,,,,,,,,,,,,,,,,,,,,,,,,,,,,,,,,,,,,,,,,,,,,True,entropy,None,0.4775492074518431,None,0.0,2.0,2.0,0.0,,,,,,,,most_frequent,robust_scaler,False,entropy,None,0.5662900693317384,None,0.0,1.0,7.0,0.0,100.0,,,,,,,,,,,,,,,,,,,,,,,,,,,,,,,,,,,,,,,,,,,,,,,,,,0.7845396961078424,0.25545052141264185,,,,,,,,
0.782608695652174,32,5.203095436096191,"{'balancing:strategy': 'none', 'classifier:__choice__': 'random_forest', 'data_preprocessor:__choice__': 'feature_type', 'feature_preprocessor:__choice__': 'no_preprocessing', 'classifier:random_forest:bootstrap': 'True', 'classifier:random_forest:criterion': 'entropy', 'classifier:random_forest:max_depth': 'None', 'classifier:random_forest:max_features': 0.926283631486858, 'classifier:random_forest:max_leaf_nodes': 'None', 'classifier:random_forest:min_impurity_decrease': 0.0, 'classifier:random_forest:min_samples_leaf': 7, 'classifier:random_forest:min_samples_split': 2, 'classifier:random_forest:min_weight_fraction_leaf': 0.0, 'data_preprocessor:feature_type:numerical_transformer:imputation:strategy': 'most_frequent', 'data_preprocessor:feature_type:numerical_transformer:rescaling:__choice__': 'standardize'}",Success,0.0,none,random_forest,feature_type,no_preprocessing,,,,,,,,,,,,,,,,,,,,,,,,,,,,,,,,,,,,,,,,,,,,,,,,,,,,,,,,,,,,,,,,,,,,,,,,,,,True,entropy,None,0.926283631486858,None,0.0,7.0,2.0,0.0,,,,,,,,most_frequent,standardize,,,,,,,,,,,,,,,,,,,,,,,,,,,,,,,,,,,,,,,,,,,,,,,,,,,,,,,,,,,,,,,,,,,,,
0.8695652173913043,16,2.9206721782684326,"{'balancing:strategy': 'none', 'classifier:__choice__': 'k_nearest_neighbors', 'data_preprocessor:__choice__': 'feature_type', 'feature_preprocessor:__choice__': 'extra_trees_preproc_for_classification', 'classifier:k_nearest_neighbors:n_neighbors': 6, 'classifier:k_nearest_neighbors:p': 1, 'classifier:k_nearest_neighbors:weights': 'distance', 'data_preprocessor:feature_type:numerical_transformer:imputation:strategy': 'most_frequent', 'data_preprocessor:feature_type:numerical_transformer:rescaling:__choice__': 'standardize', 'feature_preprocessor:extra_trees_preproc_for_classification:bootstrap': 'False', 'feature_preprocessor:extra_trees_preproc_for_classification:criterion': 'entropy', 'feature_preprocessor:extra_trees_preproc_for_classification:max_depth': 'None', 'feature_preprocessor:extra_trees_preproc_for_classification:max_features': 0.9918226012195012, 'feature_preprocessor:extra_trees_preproc_for_classification:max_leaf_nodes': 'None', 'feature_preprocessor:extra_trees_preproc_for_classification:min_impurity_decrease': 0.0, 'feature_preprocessor:extra_trees_preproc_for_classification:min_samples_leaf': 1, 'feature_preprocessor:extra_trees_preproc_for_classification:min_samples_split': 3, 'feature_preprocessor:extra_trees_preproc_for_classification:min_weight_fraction_leaf': 0.0, 'feature_preprocessor:extra_trees_preproc_for_classification:n_estimators': 100}",Success,0.0,none,k_nearest_neighbors,feature_type,extra_trees_preproc_for_classification,,,,,,,,,,,,,,,,,,,,,,,,,,,,,,,,,,6.0,1.0,distance,,,,,,,,,,,,,,,,,,,,,,,,,,,,,,,,,,,,,,,,,,,,,,,,,,,,,,,most_frequent,standardize,False,entropy,None,0.9918226012195012,None,0.0,1.0,3.0,0.0,100.0,,,,,,,,,,,,,,,,,,,,,,,,,,,,,,,,,,,,,,,,,,,,,,,,,,,,,,,,,,,
0.5217391304347826,45,2.58388090133667,"{'balancing:strategy': 'none', 'classifier:__choice__': 'gradient_boosting', 'data_preprocessor:__choice__': 'feature_type', 'feature_preprocessor:__choice__': 'polynomial', 'classifier:gradient_boosting:early_stop': 'valid', 'classifier:gradient_boosting:l2_regularization': 0.0015246021799433245, 'classifier:gradient_boosting:learning_rate': 0.051072202871981255, 'classifier:gradient_boosting:loss': 'auto', 'classifier:gradient_boosting:max_bins': 255, 'classifier:gradient_boosting:max_depth': 'None', 'classifier:gradient_boosting:max_leaf_nodes': 377, 'classifier:gradient_boosting:min_samples_leaf': 100, 'classifier:gradient_boosting:scoring': 'loss', 'classifier:gradient_boosting:tol': 1e-07, 'data_preprocessor:feature_type:numerical_transformer:imputation:strategy': 'median', 'data_preprocessor:feature_type:numerical_transformer:rescaling:__choice__': 'robust_scaler', 'feature_preprocessor:polynomial:degree': 3, 'feature_preprocessor:polynomial:include_bias': 'True', 'feature_preprocessor:polynomial:interaction_only': 'True', 'classifier:gradient_boosting:n_iter_no_change': 17, 'classifier:gradient_boosting:validation_fraction': 0.2801600670702926, 'data_preprocessor:feature_type:numerical_transformer:rescaling:robust_scaler:q_max': 0.7372628992636477, 'data_preprocessor:feature_type:numerical_transformer:rescaling:robust_scaler:q_min': 0.2449084521899531}",Success,0.0,none,gradient_boosting,feature_type,polynomial,,,,,,,,,,,,,,,,,,,,,,,,valid,0.0015246021799433245,0.051072202871981255,auto,255.0,None,377.0,100.0,loss,1e-07,,,,,,,,,,,,,,,,,,,,,,,,,,,,,,,,,,,,,,,,,,,,,,,,,,,,,,,,,,median,robust_scaler,,,,,,,,,,,,,,,,,,,,,,,,,,,,,,,,,,3.0,True,True,,,,,,,,,,,,17.0,0.2801600670702926,,,,,,,,,,,0.7372628992636477,0.2449084521899531,,,,,,,,
0.6521739130434783,41,3.766984701156616,"{'balancing:strategy': 'none', 'classifier:__choice__': 'gradient_boosting', 'data_preprocessor:__choice__': 'feature_type', 'feature_preprocessor:__choice__': 'extra_trees_preproc_for_classification', 'classifier:gradient_boosting:early_stop': 'train', 'classifier:gradient_boosting:l2_regularization': 0.4635442279519353, 'classifier:gradient_boosting:learning_rate': 0.09809681787962342, 'classifier:gradient_boosting:loss': 'auto', 'classifier:gradient_boosting:max_bins': 255, 'classifier:gradient_boosting:max_depth': 'None', 'classifier:gradient_boosting:max_leaf_nodes': 328, 'classifier:gradient_boosting:min_samples_leaf': 2, 'classifier:gradient_boosting:scoring': 'loss', 'classifier:gradient_boosting:tol': 1e-07, 'data_preprocessor:feature_type:numerical_transformer:imputation:strategy': 'median', 'data_preprocessor:feature_type:numerical_transformer:rescaling:__choice__': 'standardize', 'feature_preprocessor:extra_trees_preproc_for_classification:bootstrap': 'False', 'feature_preprocessor:extra_trees_preproc_for_classification:criterion': 'entropy', 'feature_preprocessor:extra_trees_preproc_for_classification:max_depth': 'None', 'feature_preprocessor:extra_trees_preproc_for_classification:max_features': 0.989729761503726, 'feature_preprocessor:extra_trees_preproc_for_classification:max_leaf_nodes': 'None', 'feature_preprocessor:extra_trees_preproc_for_classification:min_impurity_decrease': 0.0, 'feature_preprocessor:extra_trees_preproc_for_classification:min_samples_leaf': 19, 'feature_preprocessor:extra_trees_preproc_for_classification:min_samples_split': 5, 'feature_preprocessor:extra_trees_preproc_for_classification:min_weight_fraction_leaf': 0.0, 'feature_preprocessor:extra_trees_preproc_for_classification:n_estimators': 100, 'classifier:gradient_boosting:n_iter_no_change': 2}",Success,0.0,none,gradient_boosting,feature_type,extra_trees_preproc_for_classification,,,,,,,,,,,,,,,,,,,,,,,,train,0.4635442279519353,0.09809681787962342,auto,255.0,None,328.0,2.0,loss,1e-07,,,,,,,,,,,,,,,,,,,,,,,,,,,,,,,,,,,,,,,,,,,,,,,,,,,,,,,,,,median,standardize,False,entropy,None,0.989729761503726,None,0.0,19.0,5.0,0.0,100.0,,,,,,,,,,,,,,,,,,,,,,,,,,,,,,,,,,,,,,2.0,,,,,,,,,,,,,,,,,,,,,
0.9130434782608695,3,3.6006197929382324,"{'balancing:strategy': 'weighting', 'classifier:__choice__': 'extra_trees', 'data_preprocessor:__choice__': 'feature_type', 'feature_preprocessor:__choice__': 'polynomial', 'classifier:extra_trees:bootstrap': 'False', 'classifier:extra_trees:criterion': 'entropy', 'classifier:extra_trees:max_depth': 'None', 'classifier:extra_trees:max_features': 0.993803313878608, 'classifier:extra_trees:max_leaf_nodes': 'None', 'classifier:extra_trees:min_impurity_decrease': 0.0, 'classifier:extra_trees:min_samples_leaf': 2, 'classifier:extra_trees:min_samples_split': 20, 'classifier:extra_trees:min_weight_fraction_leaf': 0.0, 'data_preprocessor:feature_type:numerical_transformer:imputation:strategy': 'median', 'data_preprocessor:feature_type:numerical_transformer:rescaling:__choice__': 'robust_scaler', 'feature_preprocessor:polynomial:degree': 2, 'feature_preprocessor:polynomial:include_bias': 'True', 'feature_preprocessor:polynomial:interaction_only': 'True', 'data_preprocessor:feature_type:numerical_transformer:rescaling:robust_scaler:q_max': 0.7305615609807856, 'data_preprocessor:feature_type:numerical_transformer:rescaling:robust_scaler:q_min': 0.25595970768123566}",Success,0.0,weighting,extra_trees,feature_type,polynomial,,,,,,,,,,,,,,,False,entropy,None,0.993803313878608,None,0.0,2.0,20.0,0.0,,,,,,,,,,,,,,,,,,,,,,,,,,,,,,,,,,,,,,,,,,,,,,,,,,,,,,,,,,,,,,,,,,,,median,robust_scaler,,,,,,,,,,,,,,,,,,,,,,,,,,,,,,,,,,2.0,True,True,,,,,,,,,,,,,,,,,,,,,,,,0.7305615609807856,0.25595970768123566,,,,,,,,
0.8695652173913043,16,1.9882488250732422,"{'balancing:strategy': 'none', 'classifier:__choice__': 'adaboost', 'data_preprocessor:__choice__': 'feature_type', 'feature_preprocessor:__choice__': 'polynomial', 'classifier:adaboost:algorithm': 'SAMME', 'classifier:adaboost:learning_rate': 0.13167493237005792, 'classifier:adaboost:max_depth': 2, 'classifier:adaboost:n_estimators': 56, 'data_preprocessor:feature_type:numerical_transformer:imputation:strategy': 'mean', 'data_preprocessor:feature_type:numerical_transformer:rescaling:__choice__': 'normalize', 'feature_preprocessor:polynomial:degree': 3, 'feature_preprocessor:polynomial:include_bias': 'False', 'feature_preprocessor:polynomial:interaction_only': 'False'}",Success,0.0,none,adaboost,feature_type,polynomial,SAMME,0.13167493237005792,2.0,56.0,,,,,,,,,,,,,,,,,,,,,,,,,,,,,,,,,,,,,,,,,,,,,,,,,,,,,,,,,,,,,,,,,,,,,,,,,,,,,,,,,,,,,,,mean,normalize,,,,,,,,,,,,,,,,,,,,,,,,,,,,,,,,,,3.0,False,False,,,,,,,,,,,,,,,,,,,,,,,,,,,,,,,,,
0.9565217391304348,1,4.044192314147949,"{'balancing:strategy': 'none', 'classifier:__choice__': 'random_forest', 'data_preprocessor:__choice__': 'feature_type', 'feature_preprocessor:__choice__': 'polynomial', 'classifier:random_forest:bootstrap': 'False', 'classifier:random_forest:criterion': 'entropy', 'classifier:random_forest:max_depth': 'None', 'classifier:random_forest:max_features': 0.8829219054291442, 'classifier:random_forest:max_leaf_nodes': 'None', 'classifier:random_forest:min_impurity_decrease': 0.0, 'classifier:random_forest:min_samples_leaf': 7, 'classifier:random_forest:min_samples_split': 8, 'classifier:random_forest:min_weight_fraction_leaf': 0.0, 'data_preprocessor:feature_type:numerical_transformer:imputation:strategy': 'mean', 'data_preprocessor:feature_type:numerical_transformer:rescaling:__choice__': 'none', 'feature_preprocessor:polynomial:degree': 3, 'feature_preprocessor:polynomial:include_bias': 'False', 'feature_preprocessor:polynomial:interaction_only': 'False'}",Success,0.0,none,random_forest,feature_type,polynomial,,,,,,,,,,,,,,,,,,,,,,,,,,,,,,,,,,,,,,,,,,,,,,,,,,,,,,,,,,,,,,,,,,,,,,,,,,,False,entropy,None,0.8829219054291442,None,0.0,7.0,8.0,0.0,,,,,,,,mean,none,,,,,,,,,,,,,,,,,,,,,,,,,,,,,,,,,,3.0,False,False,,,,,,,,,,,,,,,,,,,,,,,,,,,,,,,,,
0.9130434782608695,3,2.458134412765503,"{'balancing:strategy': 'weighting', 'classifier:__choice__': 'mlp', 'data_preprocessor:__choice__': 'feature_type', 'feature_preprocessor:__choice__': 'extra_trees_preproc_for_classification', 'classifier:mlp:activation': 'relu', 'classifier:mlp:alpha': 0.003989533567739603, 'classifier:mlp:batch_size': 'auto', 'classifier:mlp:beta_1': 0.9, 'classifier:mlp:beta_2': 0.999, 'classifier:mlp:early_stopping': 'valid', 'classifier:mlp:epsilon': 1e-08, 'classifier:mlp:hidden_layer_depth': 2, 'classifier:mlp:learning_rate_init': 0.0009934511776384044, 'classifier:mlp:n_iter_no_change': 32, 'classifier:mlp:num_nodes_per_layer': 264, 'classifier:mlp:shuffle': 'True', 'classifier:mlp:solver': 'adam', 'classifier:mlp:tol': 0.0001, 'data_preprocessor:feature_type:numerical_transformer:imputation:strategy': 'most_frequent', 'data_preprocessor:feature_type:numerical_transformer:rescaling:__choice__': 'standardize', 'feature_preprocessor:extra_trees_preproc_for_classification:bootstrap': 'False', 'feature_preprocessor:extra_trees_preproc_for_classification:criterion': 'gini', 'feature_preprocessor:extra_trees_preproc_for_classification:max_depth': 'None', 'feature_preprocessor:extra_trees_preproc_for_classification:max_features': 0.683499980815128, 'feature_preprocessor:extra_trees_preproc_for_classification:max_leaf_nodes': 'None', 'feature_preprocessor:extra_trees_preproc_for_classification:min_impurity_decrease': 0.0, 'feature_preprocessor:extra_trees_preproc_for_classification:min_samples_leaf': 1, 'feature_preprocessor:extra_trees_preproc_for_classification:min_samples_split': 16, 'feature_preprocessor:extra_trees_preproc_for_classification:min_weight_fraction_leaf': 0.0, 'feature_preprocessor:extra_trees_preproc_for_classification:n_estimators': 100, 'classifier:mlp:validation_fraction': 0.1}",Success,0.0,weighting,mlp,feature_type,extra_trees_preproc_for_classification,,,,,,,,,,,,,,,,,,,,,,,,,,,,,,,,,,,,,,,,,,,,,,,,,,,,,relu,0.003989533567739603,auto,0.9,0.999,valid,1e-08,2.0,0.0009934511776384044,32.0,264.0,True,adam,0.0001,,,,,,,,,,,,,,,,,,,,,,,,,most_frequent,standardize,False,gini,None,0.683499980815128,None,0.0,1.0,16.0,0.0,100.0,,,,,,,,,,,,,,,,,,,,,,,,,,,,,,,,,,,,,,,,,,,0.1,,,,,,,,,,,,,,,,
0.9130434782608695,3,1.871236801147461,"{'balancing:strategy': 'none', 'classifier:__choice__': 'libsvm_svc', 'data_preprocessor:__choice__': 'feature_type', 'feature_preprocessor:__choice__': 'fast_ica', 'classifier:libsvm_svc:C': 5802.567175726326, 'classifier:libsvm_svc:gamma': 0.0006870297716981959, 'classifier:libsvm_svc:kernel': 'rbf', 'classifier:libsvm_svc:max_iter': -1, 'classifier:libsvm_svc:shrinking': 'True', 'classifier:libsvm_svc:tol': 7.965549167542083e-05, 'data_preprocessor:feature_type:numerical_transformer:imputation:strategy': 'median', 'data_preprocessor:feature_type:numerical_transformer:rescaling:__choice__': 'quantile_transformer', 'feature_preprocessor:fast_ica:algorithm': 'deflation', 'feature_preprocessor:fast_ica:fun': 'exp', 'feature_preprocessor:fast_ica:whiten': 'False', 'data_preprocessor:feature_type:numerical_transformer:rescaling:quantile_transformer:n_quantiles': 1627, 'data_preprocessor:feature_type:numerical_transformer:rescaling:quantile_transformer:output_distribution': 'uniform'}",Success,0.0,none,libsvm_svc,feature_type,fast_ica,,,,,,,,,,,,,,,,,,,,,,,,,,,,,,,,,,,,,,,,,,,,,,,5802.567175726326,0.0006870297716981959,rbf,-1.0,True,7.965549167542083e-05,,,,,,,,,,,,,,,,,,,,,,,,,,,,,,,,,,,,,,,median,quantile_transformer,,,,,,,,,,,deflation,exp,False,,,,,,,,,,,,,,,,,,,,,,,,,,,,,,,,,,,,,,,,,,,,,1627.0,uniform,,,,,,,,,,
0.9130434782608695,3,2.3360776901245117,"{'balancing:strategy': 'weighting', 'classifier:__choice__': 'liblinear_svc', 'data_preprocessor:__choice__': 'feature_type', 'feature_preprocessor:__choice__': 'polynomial', 'classifier:liblinear_svc:C': 0.09638040001529895, 'classifier:liblinear_svc:dual': 'False', 'classifier:liblinear_svc:fit_intercept': 'True', 'classifier:liblinear_svc:intercept_scaling': 1, 'classifier:liblinear_svc:loss': 'squared_hinge', 'classifier:liblinear_svc:multi_class': 'ovr', 'classifier:liblinear_svc:penalty': 'l2', 'classifier:liblinear_svc:tol': 0.00010331579059656803, 'data_preprocessor:feature_type:numerical_transformer:imputation:strategy': 'most_frequent', 'data_preprocessor:feature_type:numerical_transformer:rescaling:__choice__': 'power_transformer', 'feature_preprocessor:polynomial:degree': 2, 'feature_preprocessor:polynomial:include_bias': 'True', 'feature_preprocessor:polynomial:interaction_only': 'False'}",Success,0.0,weighting,liblinear_svc,feature_type,polynomial,,,,,,,,,,,,,,,,,,,,,,,,,,,,,,,,,,,,,,,0.09638040001529895,False,True,1.0,squared_hinge,ovr,l2,0.00010331579059656803,,,,,,,,,,,,,,,,,,,,,,,,,,,,,,,,,,,,,,,,,,,,,most_frequent,power_transformer,,,,,,,,,,,,,,,,,,,,,,,,,,,,,,,,,,2.0,True,False,,,,,,,,,,,,,,,,,,,,,,,,,,,,,,,,,
0.6521739130434783,41,2.214568614959717,"{'balancing:strategy': 'weighting', 'classifier:__choice__': 'k_nearest_neighbors', 'data_preprocessor:__choice__': 'feature_type', 'feature_preprocessor:__choice__': 'pca', 'classifier:k_nearest_neighbors:n_neighbors': 2, 'classifier:k_nearest_neighbors:p': 2, 'classifier:k_nearest_neighbors:weights': 'uniform', 'data_preprocessor:feature_type:numerical_transformer:imputation:strategy': 'mean', 'data_preprocessor:feature_type:numerical_transformer:rescaling:__choice__': 'robust_scaler', 'feature_preprocessor:pca:keep_variance': 0.891508581676173, 'feature_preprocessor:pca:whiten': 'True', 'data_preprocessor:feature_type:numerical_transformer:rescaling:robust_scaler:q_max': 0.7402534879039151, 'data_preprocessor:feature_type:numerical_transformer:rescaling:robust_scaler:q_min': 0.2900549508744004}",Success,0.0,weighting,k_nearest_neighbors,feature_type,pca,,,,,,,,,,,,,,,,,,,,,,,,,,,,,,,,,,2.0,2.0,uniform,,,,,,,,,,,,,,,,,,,,,,,,,,,,,,,,,,,,,,,,,,,,,,,,,,,,,,,mean,robust_scaler,,,,,,,,,,,,,,,,,,,,,,,,,,,,,,,,0.891508581676173,True,,,,,,,,,,,,,,,,,,,,,,,,,,,0.7402534879039151,0.2900549508744004,,,,,,,,
0.0,46,1.8872087001800537,"{'balancing:strategy': 'none', 'classifier:__choice__': 'k_nearest_neighbors', 'data_preprocessor:__choice__': 'feature_type', 'feature_preprocessor:__choice__': 'polynomial', 'classifier:k_nearest_neighbors:n_neighbors': 77, 'classifier:k_nearest_neighbors:p': 1, 'classifier:k_nearest_neighbors:weights': 'distance', 'data_preprocessor:feature_type:numerical_transformer:imputation:strategy': 'median', 'data_preprocessor:feature_type:numerical_transformer:rescaling:__choice__': 'none', 'feature_preprocessor:polynomial:degree': 2, 'feature_preprocessor:polynomial:include_bias': 'True', 'feature_preprocessor:polynomial:interaction_only': 'True'}",Crash,0.0,none,k_nearest_neighbors,feature_type,polynomial,,,,,,,,,,,,,,,,,,,,,,,,,,,,,,,,,,77.0,1.0,distance,,,,,,,,,,,,,,,,,,,,,,,,,,,,,,,,,,,,,,,,,,,,,,,,,,,,,,,median,none,,,,,,,,,,,,,,,,,,,,,,,,,,,,,,,,,,2.0,True,True,,,,,,,,,,,,,,,,,,,,,,,,,,,,,,,,,
0.9130434782608695,3,1.374237060546875,"{'balancing:strategy': 'none', 'classifier:__choice__': 'gaussian_nb', 'data_preprocessor:__choice__': 'feature_type', 'feature_preprocessor:__choice__': 'polynomial', 'data_preprocessor:feature_type:numerical_transformer:imputation:strategy': 'median', 'data_preprocessor:feature_type:numerical_transformer:rescaling:__choice__': 'minmax', 'feature_preprocessor:polynomial:degree': 3, 'feature_preprocessor:polynomial:include_bias': 'False', 'feature_preprocessor:polynomial:interaction_only': 'False'}",Success,0.0,none,gaussian_nb,feature_type,polynomial,,,,,,,,,,,,,,,,,,,,,,,,,,,,,,,,,,,,,,,,,,,,,,,,,,,,,,,,,,,,,,,,,,,,,,,,,,,,,,,,,,,,,,,,,,,median,minmax,,,,,,,,,,,,,,,,,,,,,,,,,,,,,,,,,,3.0,False,False,,,,,,,,,,,,,,,,,,,,,,,,,,,,,,,,,
0.9130434782608695,3,1.8189971446990967,"{'balancing:strategy': 'weighting', 'classifier:__choice__': 'libsvm_svc', 'data_preprocessor:__choice__': 'feature_type', 'feature_preprocessor:__choice__': 'random_trees_embedding', 'classifier:libsvm_svc:C': 7736.63620027322, 'classifier:libsvm_svc:gamma': 0.0005409978381304561, 'classifier:libsvm_svc:kernel': 'sigmoid', 'classifier:libsvm_svc:max_iter': -1, 'classifier:libsvm_svc:shrinking': 'True', 'classifier:libsvm_svc:tol': 0.024419981061107914, 'data_preprocessor:feature_type:numerical_transformer:imputation:strategy': 'most_frequent', 'data_preprocessor:feature_type:numerical_transformer:rescaling:__choice__': 'minmax', 'feature_preprocessor:random_trees_embedding:bootstrap': 'True', 'feature_preprocessor:random_trees_embedding:max_depth': 5, 'feature_preprocessor:random_trees_embedding:max_leaf_nodes': 'None', 'feature_preprocessor:random_trees_embedding:min_samples_leaf': 1, 'feature_preprocessor:random_trees_embedding:min_samples_split': 18, 'feature_preprocessor:random_trees_embedding:min_weight_fraction_leaf': 1.0, 'feature_preprocessor:random_trees_embedding:n_estimators': 35, 'classifier:libsvm_svc:coef0': 0.738357171572164}",Success,0.0,weighting,libsvm_svc,feature_type,random_trees_embedding,,,,,,,,,,,,,,,,,,,,,,,,,,,,,,,,,,,,,,,,,,,,,,,7736.63620027322,0.0005409978381304561,sigmoid,-1.0,True,0.024419981061107914,,,,,,,,,,,,,,,,,,,,,,,,,,,,,,,,,,,,,,,most_frequent,minmax,,,,,,,,,,,,,,,,,,,,,,,,,,,,,,,,,,,,,True,5.0,None,1.0,18.0,1.0,35.0,,,,,,,,0.738357171572164,,,,,,,,,,,,,,,,,,
0.782608695652174,32,1.7192120552062988,"{'balancing:strategy': 'weighting', 'classifier:__choice__': 'libsvm_svc', 'data_preprocessor:__choice__': 'feature_type', 'feature_preprocessor:__choice__': 'polynomial', 'classifier:libsvm_svc:C': 87.73095505543627, 'classifier:libsvm_svc:gamma': 0.000233974109571645, 'classifier:libsvm_svc:kernel': 'poly', 'classifier:libsvm_svc:max_iter': -1, 'classifier:libsvm_svc:shrinking': 'False', 'classifier:libsvm_svc:tol': 0.003131129296189632, 'data_preprocessor:feature_type:numerical_transformer:imputation:strategy': 'most_frequent', 'data_preprocessor:feature_type:numerical_transformer:rescaling:__choice__': 'power_transformer', 'feature_preprocessor:polynomial:degree': 2, 'feature_preprocessor:polynomial:include_bias': 'True', 'feature_preprocessor:polynomial:interaction_only': 'False', 'classifier:libsvm_svc:coef0': -0.475426934700079, 'classifier:libsvm_svc:degree': 5}",Success,0.0,weighting,libsvm_svc,feature_type,polynomial,,,,,,,,,,,,,,,,,,,,,,,,,,,,,,,,,,,,,,,,,,,,,,,87.73095505543627,0.000233974109571645,poly,-1.0,False,0.003131129296189632,,,,,,,,,,,,,,,,,,,,,,,,,,,,,,,,,,,,,,,most_frequent,power_transformer,,,,,,,,,,,,,,,,,,,,,,,,,,,,,,,,,,2.0,True,False,,,,,,,,,,,,,,,-0.475426934700079,5.0,,,,,,,,,,,,,,,,,
0.5652173913043478,44,1.367081880569458,"{'balancing:strategy': 'none', 'classifier:__choice__': 'libsvm_svc', 'data_preprocessor:__choice__': 'feature_type', 'feature_preprocessor:__choice__': 'polynomial', 'classifier:libsvm_svc:C': 438.44931892538267, 'classifier:libsvm_svc:gamma': 0.4217976418244379, 'classifier:libsvm_svc:kernel': 'sigmoid', 'classifier:libsvm_svc:max_iter': -1, 'classifier:libsvm_svc:shrinking': 'False', 'classifier:libsvm_svc:tol': 9.164752980281132e-05, 'data_preprocessor:feature_type:numerical_transformer:imputation:strategy': 'median', 'data_preprocessor:feature_type:numerical_transformer:rescaling:__choice__': 'minmax', 'feature_preprocessor:polynomial:degree': 2, 'feature_preprocessor:polynomial:include_bias': 'True', 'feature_preprocessor:polynomial:interaction_only': 'False', 'classifier:libsvm_svc:coef0': 0.7175059802642705}",Success,0.0,none,libsvm_svc,feature_type,polynomial,,,,,,,,,,,,,,,,,,,,,,,,,,,,,,,,,,,,,,,,,,,,,,,438.44931892538267,0.4217976418244379,sigmoid,-1.0,False,9.164752980281132e-05,,,,,,,,,,,,,,,,,,,,,,,,,,,,,,,,,,,,,,,median,minmax,,,,,,,,,,,,,,,,,,,,,,,,,,,,,,,,,,2.0,True,False,,,,,,,,,,,,,,,0.7175059802642705,,,,,,,,,,,,,,,,,,
0.8260869565217391,21,1.3288257122039795,"{'balancing:strategy': 'none', 'classifier:__choice__': 'libsvm_svc', 'data_preprocessor:__choice__': 'feature_type', 'feature_preprocessor:__choice__': 'pca', 'classifier:libsvm_svc:C': 5371.624097240691, 'classifier:libsvm_svc:gamma': 0.0005409978381304561, 'classifier:libsvm_svc:kernel': 'sigmoid', 'classifier:libsvm_svc:max_iter': -1, 'classifier:libsvm_svc:shrinking': 'True', 'classifier:libsvm_svc:tol': 0.024419981061107914, 'data_preprocessor:feature_type:numerical_transformer:imputation:strategy': 'mean', 'data_preprocessor:feature_type:numerical_transformer:rescaling:__choice__': 'none', 'feature_preprocessor:pca:keep_variance': 0.9999, 'feature_preprocessor:pca:whiten': 'False', 'classifier:libsvm_svc:coef0': 0.0}",Success,0.0,none,libsvm_svc,feature_type,pca,,,,,,,,,,,,,,,,,,,,,,,,,,,,,,,,,,,,,,,,,,,,,,,5371.624097240691,0.0005409978381304561,sigmoid,-1.0,True,0.024419981061107914,,,,,,,,,,,,,,,,,,,,,,,,,,,,,,,,,,,,,,,mean,none,,,,,,,,,,,,,,,,,,,,,,,,,,,,,,,,0.9999,False,,,,,,,,,,,,,,,,,,0.0,,,,,,,,,,,,,,,,,,
0.782608695652174,32,1.491948127746582,"{'balancing:strategy': 'none', 'classifier:__choice__': 'libsvm_svc', 'data_preprocessor:__choice__': 'feature_type', 'feature_preprocessor:__choice__': 'feature_agglomeration', 'classifier:libsvm_svc:C': 1509.3920489350153, 'classifier:libsvm_svc:gamma': 0.015219182148092949, 'classifier:libsvm_svc:kernel': 'sigmoid', 'classifier:libsvm_svc:max_iter': -1, 'classifier:libsvm_svc:shrinking': 'False', 'classifier:libsvm_svc:tol': 0.059720876900075735, 'data_preprocessor:feature_type:numerical_transformer:imputation:strategy': 'median', 'data_preprocessor:feature_type:numerical_transformer:rescaling:__choice__': 'standardize', 'feature_preprocessor:feature_agglomeration:affinity': 'euclidean', 'feature_preprocessor:feature_agglomeration:linkage': 'ward', 'feature_preprocessor:feature_agglomeration:n_clusters': 227, 'feature_preprocessor:feature_agglomeration:pooling_func': 'median', 'classifier:libsvm_svc:coef0': 0.01271722756797633}",Success,0.0,none,libsvm_svc,feature_type,feature_agglomeration,,,,,,,,,,,,,,,,,,,,,,,,,,,,,,,,,,,,,,,,,,,,,,,1509.3920489350153,0.015219182148092949,sigmoid,-1.0,False,0.059720876900075735,,,,,,,,,,,,,,,,,,,,,,,,,,,,,,,,,,,,,,,median,standardize,,,,,,,,,,,,,,euclidean,ward,227.0,median,,,,,,,,,,,,,,,,,,,,,,,,,,,,,,,,,,0.01271722756797633,,,,,,,,,,,,,,,,,,
0.8695652173913043,16,1.8944830894470215,"{'balancing:strategy': 'weighting', 'classifier:__choice__': 'lda', 'data_preprocessor:__choice__': 'feature_type', 'feature_preprocessor:__choice__': 'feature_agglomeration', 'classifier:lda:shrinkage': 'None', 'classifier:lda:tol': 0.00023826893739937072, 'data_preprocessor:feature_type:numerical_transformer:imputation:strategy': 'median', 'data_preprocessor:feature_type:numerical_transformer:rescaling:__choice__': 'normalize', 'feature_preprocessor:feature_agglomeration:affinity': 'cosine', 'feature_preprocessor:feature_agglomeration:linkage': 'complete', 'feature_preprocessor:feature_agglomeration:n_clusters': 308, 'feature_preprocessor:feature_agglomeration:pooling_func': 'mean'}",Success,0.0,weighting,lda,feature_type,feature_agglomeration,,,,,,,,,,,,,,,,,,,,,,,,,,,,,,,,,,,,,None,0.00023826893739937072,,,,,,,,,,,,,,,,,,,,,,,,,,,,,,,,,,,,,,,,,,,,,,,,,,,,,median,normalize,,,,,,,,,,,,,,cosine,complete,308.0,mean,,,,,,,,,,,,,,,,,,,,,,,,,,,,,,,,,,,,,,,,,,,,,,,,,,,,
0.7391304347826086,39,1.4731695652008057,"{'balancing:strategy': 'none', 'classifier:__choice__': 'adaboost', 'data_preprocessor:__choice__': 'feature_type', 'feature_preprocessor:__choice__': 'select_percentile_classification', 'classifier:adaboost:algorithm': 'SAMME', 'classifier:adaboost:learning_rate': 0.20292842024353674, 'classifier:adaboost:max_depth': 7, 'classifier:adaboost:n_estimators': 266, 'data_preprocessor:feature_type:numerical_transformer:imputation:strategy': 'mean', 'data_preprocessor:feature_type:numerical_transformer:rescaling:__choice__': 'minmax', 'feature_preprocessor:select_percentile_classification:percentile': 41.29618450348914, 'feature_preprocessor:select_percentile_classification:score_func': 'mutual_info'}",Success,0.0,none,adaboost,feature_type,select_percentile_classification,SAMME,0.20292842024353674,7.0,266.0,,,,,,,,,,,,,,,,,,,,,,,,,,,,,,,,,,,,,,,,,,,,,,,,,,,,,,,,,,,,,,,,,,,,,,,,,,,,,,,,,,,,,,,mean,minmax,,,,,,,,,,,,,,,,,,,,,,,,,,,,,,,,,,,,,,,,,,,,41.29618450348914,mutual_info,,,,,,,,,,,,,,,,,,,,,,,,
0.8695652173913043,16,4.195337533950806,"{'balancing:strategy': 'none', 'classifier:__choice__': 'random_forest', 'data_preprocessor:__choice__': 'feature_type', 'feature_preprocessor:__choice__': 'polynomial', 'classifier:random_forest:bootstrap': 'False', 'classifier:random_forest:criterion': 'entropy', 'classifier:random_forest:max_depth': 'None', 'classifier:random_forest:max_features': 0.4287244653899088, 'classifier:random_forest:max_leaf_nodes': 'None', 'classifier:random_forest:min_impurity_decrease': 0.0, 'classifier:random_forest:min_samples_leaf': 10, 'classifier:random_forest:min_samples_split': 16, 'classifier:random_forest:min_weight_fraction_leaf': 0.0, 'data_preprocessor:feature_type:numerical_transformer:imputation:strategy': 'mean', 'data_preprocessor:feature_type:numerical_transformer:rescaling:__choice__': 'quantile_transformer', 'feature_preprocessor:polynomial:degree': 2, 'feature_preprocessor:polynomial:include_bias': 'False', 'feature_preprocessor:polynomial:interaction_only': 'True', 'data_preprocessor:feature_type:numerical_transformer:rescaling:quantile_transformer:n_quantiles': 1000, 'data_preprocessor:feature_type:numerical_transformer:rescaling:quantile_transformer:output_distribution': 'normal'}",Success,0.0,none,random_forest,feature_type,polynomial,,,,,,,,,,,,,,,,,,,,,,,,,,,,,,,,,,,,,,,,,,,,,,,,,,,,,,,,,,,,,,,,,,,,,,,,,,,False,entropy,None,0.4287244653899088,None,0.0,10.0,16.0,0.0,,,,,,,,mean,quantile_transformer,,,,,,,,,,,,,,,,,,,,,,,,,,,,,,,,,,2.0,False,True,,,,,,,,,,,,,,,,,,,,,,1000.0,normal,,,,,,,,,,
0.7391304347826086,39,2.944969892501831,"{'balancing:strategy': 'weighting', 'classifier:__choice__': 'passive_aggressive', 'data_preprocessor:__choice__': 'feature_type', 'feature_preprocessor:__choice__': 'liblinear_svc_preprocessor', 'classifier:passive_aggressive:C': 6.129709647298727, 'classifier:passive_aggressive:average': 'True', 'classifier:passive_aggressive:fit_intercept': 'True', 'classifier:passive_aggressive:loss': 'hinge', 'classifier:passive_aggressive:tol': 0.07377392968839162, 'data_preprocessor:feature_type:numerical_transformer:imputation:strategy': 'mean', 'data_preprocessor:feature_type:numerical_transformer:rescaling:__choice__': 'robust_scaler', 'feature_preprocessor:liblinear_svc_preprocessor:C': 582.9508302722255, 'feature_preprocessor:liblinear_svc_preprocessor:dual': 'False', 'feature_preprocessor:liblinear_svc_preprocessor:fit_intercept': 'True', 'feature_preprocessor:liblinear_svc_preprocessor:intercept_scaling': 1, 'feature_preprocessor:liblinear_svc_preprocessor:loss': 'squared_hinge', 'feature_preprocessor:liblinear_svc_preprocessor:multi_class': 'ovr', 'feature_preprocessor:liblinear_svc_preprocessor:penalty': 'l1', 'feature_preprocessor:liblinear_svc_preprocessor:tol': 0.005934984988362797, 'data_preprocessor:feature_type:numerical_transformer:rescaling:robust_scaler:q_max': 0.9692288629172248, 'data_preprocessor:feature_type:numerical_transformer:rescaling:robust_scaler:q_min': 0.1474967565508698}",Success,0.0,weighting,passive_aggressive,feature_type,liblinear_svc_preprocessor,,,,,,,,,,,,,,,,,,,,,,,,,,,,,,,,,,,,,,,,,,,,,,,,,,,,,,,,,,,,,,,,,,,,,6.129709647298727,True,True,hinge,0.07377392968839162,,,,,,,,,,,,,,,,,,mean,robust_scaler,,,,,,,,,,,,,,,,,,,,,,582.9508302722255,False,True,1.0,squared_hinge,ovr,l1,0.005934984988362797,,,,,,,,,,,,,,,,,,,,,,,,,,,,,,,0.9692288629172248,0.1474967565508698,,,,,,,,
0.8260869565217391,21,2.857044219970703,"{'balancing:strategy': 'weighting', 'classifier:__choice__': 'k_nearest_neighbors', 'data_preprocessor:__choice__': 'feature_type', 'feature_preprocessor:__choice__': 'fast_ica', 'classifier:k_nearest_neighbors:n_neighbors': 1, 'classifier:k_nearest_neighbors:p': 1, 'classifier:k_nearest_neighbors:weights': 'distance', 'data_preprocessor:feature_type:numerical_transformer:imputation:strategy': 'median', 'data_preprocessor:feature_type:numerical_transformer:rescaling:__choice__': 'quantile_transformer', 'feature_preprocessor:fast_ica:algorithm': 'deflation', 'feature_preprocessor:fast_ica:fun': 'cube', 'feature_preprocessor:fast_ica:whiten': 'True', 'data_preprocessor:feature_type:numerical_transformer:rescaling:quantile_transformer:n_quantiles': 848, 'data_preprocessor:feature_type:numerical_transformer:rescaling:quantile_transformer:output_distribution': 'normal', 'feature_preprocessor:fast_ica:n_components': 685}",Success,0.0,weighting,k_nearest_neighbors,feature_type,fast_ica,,,,,,,,,,,,,,,,,,,,,,,,,,,,,,,,,,1.0,1.0,distance,,,,,,,,,,,,,,,,,,,,,,,,,,,,,,,,,,,,,,,,,,,,,,,,,,,,,,,median,quantile_transformer,,,,,,,,,,,deflation,cube,True,,,,,,,,,,,,,,,,,,,,,,,,,,,,,,,,,,,,,,,,,,,,,848.0,normal,,,685.0,,,,,,,
0.0,46,2.8013155460357666,"{'balancing:strategy': 'weighting', 'classifier:__choice__': 'random_forest', 'data_preprocessor:__choice__': 'feature_type', 'feature_preprocessor:__choice__': 'select_rates_classification', 'classifier:random_forest:bootstrap': 'True', 'classifier:random_forest:criterion': 'gini', 'classifier:random_forest:max_depth': 'None', 'classifier:random_forest:max_features': 0.2361212103922593, 'classifier:random_forest:max_leaf_nodes': 'None', 'classifier:random_forest:min_impurity_decrease': 0.0, 'classifier:random_forest:min_samples_leaf': 12, 'classifier:random_forest:min_samples_split': 4, 'classifier:random_forest:min_weight_fraction_leaf': 0.0, 'data_preprocessor:feature_type:numerical_transformer:imputation:strategy': 'median', 'data_preprocessor:feature_type:numerical_transformer:rescaling:__choice__': 'minmax', 'feature_preprocessor:select_rates_classification:alpha': 0.45641644543710425, 'feature_preprocessor:select_rates_classification:score_func': 'chi2', 'feature_preprocessor:select_rates_classification:mode': 'fdr'}",Crash,0.0,weighting,random_forest,feature_type,select_rates_classification,,,,,,,,,,,,,,,,,,,,,,,,,,,,,,,,,,,,,,,,,,,,,,,,,,,,,,,,,,,,,,,,,,,,,,,,,,,True,gini,None,0.2361212103922593,None,0.0,12.0,4.0,0.0,,,,,,,,median,minmax,,,,,,,,,,,,,,,,,,,,,,,,,,,,,,,,,,,,,,,,,,,,,,0.45641644543710425,chi2,,,,,,,,,,,,,,,,,,,,,,fdr
0.8260869565217391,21,3.613828420639038,"{'balancing:strategy': 'none', 'classifier:__choice__': 'mlp', 'data_preprocessor:__choice__': 'feature_type', 'feature_preprocessor:__choice__': 'no_preprocessing', 'classifier:mlp:activation': 'tanh', 'classifier:mlp:alpha': 6.7241640928203596e-06, 'classifier:mlp:batch_size': 'auto', 'classifier:mlp:beta_1': 0.9, 'classifier:mlp:beta_2': 0.999, 'classifier:mlp:early_stopping': 'train', 'classifier:mlp:epsilon': 1e-08, 'classifier:mlp:hidden_layer_depth': 3, 'classifier:mlp:learning_rate_init': 0.0003818309925196981, 'classifier:mlp:n_iter_no_change': 32, 'classifier:mlp:num_nodes_per_layer': 47, 'classifier:mlp:shuffle': 'True', 'classifier:mlp:solver': 'adam', 'classifier:mlp:tol': 0.0001, 'data_preprocessor:feature_type:numerical_transformer:imputation:strategy': 'median', 'data_preprocessor:feature_type:numerical_transformer:rescaling:__choice__': 'normalize'}",Success,0.0,none,mlp,feature_type,no_preprocessing,,,,,,,,,,,,,,,,,,,,,,,,,,,,,,,,,,,,,,,,,,,,,,,,,,,,,tanh,6.7241640928203596e-06,auto,0.9,0.999,train,1e-08,3.0,0.0003818309925196981,32.0,47.0,True,adam,0.0001,,,,,,,,,,,,,,,,,,,,,,,,,median,normalize,,,,,,,,,,,,,,,,,,,,,,,,,,,,,,,,,,,,,,,,,,,,,,,,,,,,,,,,,,,,,,,,,,,,,
0.9130434782608695,3,2.628474473953247,"{'balancing:strategy': 'none', 'classifier:__choice__': 'qda', 'data_preprocessor:__choice__': 'feature_type', 'feature_preprocessor:__choice__': 'feature_agglomeration', 'classifier:qda:reg_param': 0.14206375299792517, 'data_preprocessor:feature_type:numerical_transformer:imputation:strategy': 'median', 'data_preprocessor:feature_type:numerical_transformer:rescaling:__choice__': 'robust_scaler', 'feature_preprocessor:feature_agglomeration:affinity': 'euclidean', 'feature_preprocessor:feature_agglomeration:linkage': 'complete', 'feature_preprocessor:feature_agglomeration:n_clusters': 167, 'feature_preprocessor:feature_agglomeration:pooling_func': 'mean', 'data_preprocessor:feature_type:numerical_transformer:rescaling:robust_scaler:q_max': 0.9453616640393767, 'data_preprocessor:feature_type:numerical_transformer:rescaling:robust_scaler:q_min': 0.2587033098682012}",Success,0.0,none,qda,feature_type,feature_agglomeration,,,,,,,,,,,,,,,,,,,,,,,,,,,,,,,,,,,,,,,,,,,,,,,,,,,,,,,,,,,,,,,,,,,,,,,,,,0.14206375299792517,,,,,,,,,,,,,,,,,median,robust_scaler,,,,,,,,,,,,,,euclidean,complete,167.0,mean,,,,,,,,,,,,,,,,,,,,,,,,,,,,,,,,,,,,,,,,,,,0.9453616640393767,0.2587033098682012,,,,,,,,
0.782608695652174,32,3.1512207984924316,"{'balancing:strategy': 'weighting', 'classifier:__choice__': 'mlp', 'data_preprocessor:__choice__': 'feature_type', 'feature_preprocessor:__choice__': 'extra_trees_preproc_for_classification', 'classifier:mlp:activation': 'tanh', 'classifier:mlp:alpha': 2.9375720720386145e-05, 'classifier:mlp:batch_size': 'auto', 'classifier:mlp:beta_1': 0.9, 'classifier:mlp:beta_2': 0.999, 'classifier:mlp:early_stopping': 'valid', 'classifier:mlp:epsilon': 1e-08, 'classifier:mlp:hidden_layer_depth': 1, 'classifier:mlp:learning_rate_init': 0.0022120659111768727, 'classifier:mlp:n_iter_no_change': 32, 'classifier:mlp:num_nodes_per_layer': 135, 'classifier:mlp:shuffle': 'True', 'classifier:mlp:solver': 'adam', 'classifier:mlp:tol': 0.0001, 'data_preprocessor:feature_type:numerical_transformer:imputation:strategy': 'median', 'data_preprocessor:feature_type:numerical_transformer:rescaling:__choice__': 'minmax', 'feature_preprocessor:extra_trees_preproc_for_classification:bootstrap': 'False', 'feature_preprocessor:extra_trees_preproc_for_classification:criterion': 'gini', 'feature_preprocessor:extra_trees_preproc_for_classification:max_depth': 'None', 'feature_preprocessor:extra_trees_preproc_for_classification:max_features': 0.8981919504070153, 'feature_preprocessor:extra_trees_preproc_for_classification:max_leaf_nodes': 'None', 'feature_preprocessor:extra_trees_preproc_for_classification:min_impurity_decrease': 0.0, 'feature_preprocessor:extra_trees_preproc_for_classification:min_samples_leaf': 9, 'feature_preprocessor:extra_trees_preproc_for_classification:min_samples_split': 2, 'feature_preprocessor:extra_trees_preproc_for_classification:min_weight_fraction_leaf': 0.0, 'feature_preprocessor:extra_trees_preproc_for_classification:n_estimators': 100, 'classifier:mlp:validation_fraction': 0.1}",Success,0.0,weighting,mlp,feature_type,extra_trees_preproc_for_classification,,,,,,,,,,,,,,,,,,,,,,,,,,,,,,,,,,,,,,,,,,,,,,,,,,,,,tanh,2.9375720720386145e-05,auto,0.9,0.999,valid,1e-08,1.0,0.0022120659111768727,32.0,135.0,True,adam,0.0001,,,,,,,,,,,,,,,,,,,,,,,,,median,minmax,False,gini,None,0.8981919504070153,None,0.0,9.0,2.0,0.0,100.0,,,,,,,,,,,,,,,,,,,,,,,,,,,,,,,,,,,,,,,,,,,0.1,,,,,,,,,,,,,,,,
0.8260869565217391,21,1.6218204498291016,"{'balancing:strategy': 'weighting', 'classifier:__choice__': 'qda', 'data_preprocessor:__choice__': 'feature_type', 'feature_preprocessor:__choice__': 'polynomial', 'classifier:qda:reg_param': 0.8245073395601871, 'data_preprocessor:feature_type:numerical_transformer:imputation:strategy': 'median', 'data_preprocessor:feature_type:numerical_transformer:rescaling:__choice__': 'none', 'feature_preprocessor:polynomial:degree': 3, 'feature_preprocessor:polynomial:include_bias': 'False', 'feature_preprocessor:polynomial:interaction_only': 'True'}",Success,0.0,weighting,qda,feature_type,polynomial,,,,,,,,,,,,,,,,,,,,,,,,,,,,,,,,,,,,,,,,,,,,,,,,,,,,,,,,,,,,,,,,,,,,,,,,,,0.8245073395601871,,,,,,,,,,,,,,,,,median,none,,,,,,,,,,,,,,,,,,,,,,,,,,,,,,,,,,3.0,False,True,,,,,,,,,,,,,,,,,,,,,,,,,,,,,,,,,
0.8260869565217391,21,1.4471368789672852,"{'balancing:strategy': 'none', 'classifier:__choice__': 'bernoulli_nb', 'data_preprocessor:__choice__': 'feature_type', 'feature_preprocessor:__choice__': 'polynomial', 'classifier:bernoulli_nb:alpha': 0.17723148402971123, 'classifier:bernoulli_nb:fit_prior': 'False', 'data_preprocessor:feature_type:numerical_transformer:imputation:strategy': 'mean', 'data_preprocessor:feature_type:numerical_transformer:rescaling:__choice__': 'none', 'feature_preprocessor:polynomial:degree': 2, 'feature_preprocessor:polynomial:include_bias': 'False', 'feature_preprocessor:polynomial:interaction_only': 'False'}",Success,0.0,none,bernoulli_nb,feature_type,polynomial,,,,,0.17723148402971123,False,,,,,,,,,,,,,,,,,,,,,,,,,,,,,,,,,,,,,,,,,,,,,,,,,,,,,,,,,,,,,,,,,,,,,,,,,,,,,,,,,,,,,mean,none,,,,,,,,,,,,,,,,,,,,,,,,,,,,,,,,,,2.0,False,False,,,,,,,,,,,,,,,,,,,,,,,,,,,,,,,,,
0.9130434782608695,3,1.3920280933380127,"{'balancing:strategy': 'none', 'classifier:__choice__': 'lda', 'data_preprocessor:__choice__': 'feature_type', 'feature_preprocessor:__choice__': 'polynomial', 'classifier:lda:shrinkage': 'None', 'classifier:lda:tol': 0.0002201286528879434, 'data_preprocessor:feature_type:numerical_transformer:imputation:strategy': 'most_frequent', 'data_preprocessor:feature_type:numerical_transformer:rescaling:__choice__': 'standardize', 'feature_preprocessor:polynomial:degree': 2, 'feature_preprocessor:polynomial:include_bias': 'False', 'feature_preprocessor:polynomial:interaction_only': 'False'}",Success,0.0,none,lda,feature_type,polynomial,,,,,,,,,,,,,,,,,,,,,,,,,,,,,,,,,,,,,None,0.0002201286528879434,,,,,,,,,,,,,,,,,,,,,,,,,,,,,,,,,,,,,,,,,,,,,,,,,,,,,most_frequent,standardize,,,,,,,,,,,,,,,,,,,,,,,,,,,,,,,,,,2.0,False,False,,,,,,,,,,,,,,,,,,,,,,,,,,,,,,,,,
